{"settings": {"set1": {"max_iter_no_progress": 400, "max_iter": 3000, "replacement_rate": 0.4, "mutation_proba": 0.4, "random_demand_rate": false, "verbose": false}, "set2": {"max_iter_no_progress": 400, "max_iter": 3000, "replacement_rate": 0.4, "mutation_proba": 0.7, "random_demand_rate": false, "verbose": false}, "set3": {"max_iter_no_progress": 400, "max_iter": 3000, "replacement_rate": 0.7, "mutation_proba": 0.4, "random_demand_rate": false, "verbose": false}, "set4": {"max_iter_no_progress": 600, "max_iter": 3000, "replacement_rate": 0.7, "mutation_proba": 0.7, "random_demand_rate": false, "verbose": false}}, "set1": {"zyski": {"0": 6015.200000000002, "1": 6011.000000000002, "2": 6046.400000000002, "3": 6024.200000000002, "4": 6117.100000000002, "5": 6048.000000000002, "6": 6045.000000000004, "7": 6050.500000000002, "8": 5993.600000000002, "9": 6051.4000000000015}, "iteracje": {"0": 2557, "1": 2450, "2": 2250, "3": 1937, "4": 2779, "5": 3001, "6": 2252, "7": 2694, "8": 2083, "9": 3001}, "sredni_zysk": 6040.240000000003, "mediana_zysku": 6045.700000000003}, "set2": {"zyski": {"0": 6024.000000000002, "1": 6027.000000000002, "2": 6085.100000000003, "3": 6020.500000000002, "4": 6106.400000000003, "5": 6117.800000000003, "6": 6017.100000000002, "7": 6279.499999999998, "8": 6033.200000000003, "9": 6056.000000000003}, "iteracje": {"0": 1563, "1": 1703, "2": 2251, "3": 1796, "4": 2603, "5": 1955, "6": 2422, "7": 2130, "8": 2299, "9": 2229}, "sredni_zysk": 6076.660000000002, "mediana_zysku": 6044.600000000002}, "set3": {"zyski": {"0": 6036.000000000002, "1": 6062.9000000000015, "2": 6706.900000000002, "3": 6343.4000000000015, "4": 6048.100000000002, "5": 6918.6, "6": 6036.500000000002, "7": 6346.699999999999, "8": 6218.200000000002, "9": 6043.600000000002}, "iteracje": {"0": 2307, "1": 1761, "2": 3001, "3": 2185, "4": 2012, "5": 2528, "6": 1915, "7": 2284, "8": 2218, "9": 1793}, "sredni_zysk": 6276.090000000001, "mediana_zysku": 6140.550000000001}, "set4": {"zyski": {"0": 6098.200000000003, "1": 6049.200000000003, "2": 6483.100000000003, "3": 6026.600000000002, "4": 6106.300000000003, "5": 6060.700000000003, "6": 6024.700000000003, "7": 6133.100000000001, "8": 6077.200000000003, "9": 6066.500000000002}, "iteracje": {"0": 1965, "1": 1617, "2": 3001, "3": 2262, "4": 2206, "5": 3001, "6": 1818, "7": 2460, "8": 1808, "9": 1866}, "sredni_zysk": 6112.560000000003, "mediana_zysku": 6071.850000000002}}