{"set3-rdr-false": {"zyski": {"0": 6064.800000000002, "1": 6028.300000000003, "2": 6831.600000000002, "3": 6077.000000000004, "4": 6828.200000000002, "5": 6030.700000000002, "6": 6068.600000000002, "7": 6081.200000000002, "8": 6110.200000000004, "9": 6092.9000000000015, "10": 6043.000000000002, "11": 6003.100000000002, "12": 6079.700000000002, "13": 6057.200000000001, "14": 6005.500000000002}, "iteracje": {"0": 1776, "1": 2380, "2": 3001, "3": 2188, "4": 1770, "5": 1790, "6": 1753, "7": 2539, "8": 2675, "9": 1900, "10": 2573, "11": 1638, "12": 2247, "13": 1297, "14": 1838}, "sredni_zysk": 6160.133333333335, "mediana_zysku": 6068.600000000002}, "set3-rdr-true": {"zyski": {"0": 6044.9000000000015, "1": 6003.800000000001, "2": 6016.700000000002, "3": 6097.700000000001, "4": 6014.9000000000015, "5": 6077.600000000002, "6": 6729.299999999999, "7": 6129.700000000001, "8": 6072.300000000002, "9": 6144.800000000001, "10": 6062.000000000002, "11": 6232.500000000001, "12": 6009.4000000000015, "13": 6155.0, "14": 6089.800000000002}, "iteracje": {"0": 1601, "1": 2174, "2": 1631, "3": 2627, "4": 1939, "5": 1695, "6": 2059, "7": 2208, "8": 2315, "9": 1986, "10": 2082, "11": 2148, "12": 1822, "13": 1668, "14": 2303}, "sredni_zysk": 6125.360000000001, "mediana_zysku": 6077.600000000002}}